{"cameraMode":{"drawMode":0,"name":"Shaded","section":"Shading Mode"},"sceneLighting":false,"audioPlay":false,"sceneViewState":{"showFog":true,"showMaterialUpdate":false,"showSkybox":false,"showFlares":true,"showImageEffects":true,"showParticleSystems":true},"in2DMode":false,"pivot":{"x":0.968999981880188,"y":0.8212729692459106,"z":0.9357270002365112},"rotation":{"x":-0.06960774213075638,"y":-0.24957136809825898,"z":0.019467994570732118,"w":-0.9658674597740173},"size":0.2096724510192871,"orthographic":false}