{"cameraMode":{"drawMode":0,"name":"Shaded","section":"Shading Mode"},"sceneLighting":false,"audioPlay":false,"sceneViewState":{"showFog":true,"showMaterialUpdate":false,"showSkybox":false,"showFlares":true,"showImageEffects":true,"showParticleSystems":true},"in2DMode":false,"pivot":{"x":0.5190615653991699,"y":0.3728170692920685,"z":0.7819187641143799},"rotation":{"x":-0.07313866913318634,"y":-0.73860764503479,"z":0.08119934052228928,"w":-0.6652617454528809},"size":1.4249999523162842,"orthographic":false}