{"cameraMode":{"drawMode":0,"name":"Shaded","section":"Shading Mode"},"sceneLighting":false,"audioPlay":false,"sceneViewState":{"showFog":true,"showMaterialUpdate":false,"showSkybox":false,"showFlares":true,"showImageEffects":true,"showParticleSystems":true},"in2DMode":false,"pivot":{"x":-0.0007309734355658293,"y":-0.00039931866922415793,"z":-0.00048576813424006104},"rotation":{"x":-0.3306646943092346,"y":-0.06447218358516693,"z":0.022775541990995408,"w":-0.9413524866104126},"size":0.0008708071545697749,"orthographic":false}